{
    "loss": 7.657896041870117,
    "accuracy": 0.5686274766921997
}