{
    "loss": 18.518321990966797,
    "accuracy": 0.5686274766921997
}