{
    "loss": 6.19141149520874,
    "accuracy": 0.4313725531101227
}