{
    "loss": 0.1088961586356163,
    "accuracy": 0.9803921580314636
}