{
    "loss": 25.084321975708008,
    "accuracy": 0.4313725531101227
}